{"validation_loss": 4.605690956115723, "bleu": 6.557271767346278}